{
    "company_name": "name",
    "logo": "logo",
    "questions": [{
            "text": "'PRO– Интерактив' - это…?",
            "image": "",
            "answers": [
                ["клуб любителей батутов", ""],
                ["ассоциация владельцев мебели", ""],
                ["сервисная компания №1", ""],
                ["частное производство шатров", ""]
            ],
            "correct_answer": "сервисная компания №1"
        },
        {
            "text": "Как зовут генерального директора “PRO–Интерактив”?",
            "image": "",
            "answers": [
                ["Артём Абашандриев", ""],
                ["Артемий Абашевич", ""],
                ["Артём Абашин", ""],
                ["Нина Павлова", ""]
            ],
            "correct_answer": "Артём Абашин"
        },
        {
            "text": "'Глайдер', 'Шаттл' и 'Платформа - это ...?",
            "image": "",
            "answers": [
                ["VR–аттракционы для ваших мероприятий", ""],
                ["десерты от нашего шеф-повара ", ""],
                ["название наших новых шатров", ""],
                ["наша коллекция банкетных стульев", ""]
            ],
            "correct_answer": "VR–аттракционы для ваших мероприятий"
        },
        {
            "text": "Как называется фотозона?",
            "image": "0",
            "answers": [
                ["Гигантская селфи-палка", ""],
                ["'Неоновый тоннель'", ""],
                ["фотобудка 'Фотоаппарат'", ""],
                ["'Маленькая планета'", ""]
            ],
            "correct_answer": "'Неоновый тоннель'"
        },
        {
            "text": "С помощью чего можно сделать фрукты 'поющими'?",
            "image": "",
            "answers": [
                ["апельсиновая фотозона и колонка", ""],
                ["положить фрукты на музыкальный инструмент", ""],
                ["интерактив 'Музыкальные фрукты'", ""],
                ["песня 'Малиновая лада'", ""]
            ],
            "correct_answer": "интерактив 'Музыкальные фрукты'"
        },





















        {
            "text": "Как называется патриотический\n спортивно-развлекательный проект от “PRO-Интерактив”?",
            "image": "",
            "answers": [
                ["'Вызов Принят'", ""],
                ["'Принял вызов'", ""],
                ["'Призов вынял'", ""],
                ["'Бежим с Артёмом Абашиным!'", ""]
            ],
            "correct_answer": "'Вызов Принят'"
        },
        {
            "text": "Сколько сотрудников в штате компании?",
            "image": "",
            "answers": [
                ["60-70", ""],
                ["120-30", ""],
                ["160", ""],
                ["174", ""]
            ],
            "correct_answer": "160"
        },
        {
            "text": "В каком из предложенных городов наша команда ещё не бывала?",
            "image": "",
            "answers": [
                ["Мурманск", ""],
                ["Норильск", ""],
                ["Тында", ""],
                ["Была во всех перечисленных", ""]
            ],
            "correct_answer": "Была во всех перечисленных"
        },
        {
            "text": "Максимальная длина надувной полосы препятствий 'Вызов Принят'?",
            "image": "1",
            "answers": [
                ["199 метров", ""],
                ["222 метра", ""],
                ["505 метров", ""],
                ["1001 метр", ""]
            ],
            "correct_answer": "1001 метр"
        },
        {
            "text": "Из каких блоков(батутов) состоит полоса\nпрепятствий челендж-трек '72 метра'?",
            "image": "",
            "answers": [
                ["6 мини полос препятствий", ""],
                ["11 блоков и надувной мост", ""],
                ["33 надувных матраса", ""],
                ["72 батута – и точка", ""]
            ],
            "correct_answer": "11 блоков и надувной мост"
        },





















        {
            "text": "Как вы думаете, есть ли у компании свой стрит-фуд?",
            "image": "",
            "answers": [
                ["да нет, наверное", ""],
                ["хотя может быть", ""],
                ["пффф, конечно!", ""],
                ["эммм ..., а что такое стрит-фуд?", ""]
            ],
            "correct_answer": "пффф, конечно!"
        },
        {
            "text": "Как вы думаете, какой вес у нашего фирменного торт-бургера? ",
            "image": "",
            "answers": [
                ["9 кг", ""],
                ["14,5 кг", ""],
                ["21 кг", ""],
                ["100500 тыщ. кг", ""]
            ],
            "correct_answer": "21 кг"
        },
        {
            "text": "Какие столы кулинарного казино у нас есть?",
            "image": "2",
            "answers": [
                ["мясное и сырное", ""],
                ["мармеладное, ореховое и молочное", ""],
                ["алкогольное и безалкогольное", ""],
                ["все вышеперечисленные и еще 22 вида", ""]
            ],
            "correct_answer": "все вышеперечисленные и еще 22 вида"
        },
        {
            "text": "Самый необычный кофе от ПРО-Интерактив. Кухня?  ",
            "image": "",
            "answers": [
                ["жареный кофе со льдом", ""],
                ["кофе на песке", ""],
                ["кофе с зеленым чаем на молоке", ""],
                ["ой, меня ничем не удивить", ""]
            ],
            "correct_answer": "кофе на песке"
        },
        {
            "text": "Как вы думаете, сколько собственных Фудтраков есть у компании?",
            "image": "",
            "answers": [
                ["два (2): черный и оранжевый", ""],
                ["три (3): синий, красный и серебряный", ""],
                ["шесть (6): золотой, серебряный, красный,\nсиний, оранжевый и чёрный", ""]
            ],
            "correct_answer": "шесть (6): золотой, серебряный, красный,\nсиний, оранжевый и чёрный"
        },


















        {
            "text": "В какой номинации 20 сентября 2022 года на премии «Кейтеринг года»\nкомпания ПРО-Интерактив забрала награду?",
            "image": "",
            "answers": [
                ["пацаны вообще ребята!", ""],
                ["лучший комплекс услуг", ""],
                ["самый изящный кейтеринг года", ""],
                ["Быстро. Вкусно. Надёжно!", ""]
            ],
            "correct_answer": "лучший комплекс услуг"
        },
        {
            "text": "Какие новогодние активности есть в арсенале компании? ",
            "image": "",
            "answers": [
                ["новогодний диджитал и фиджитал", ""],
                ["надувные новогодние батуты ", ""],
                ["новогодние фигуры и фотозоны", ""],
                ["тематические новогодние тиры ", ""],
                ["все вышеперечисленное и даже больше!", ""]
            ],
            "correct_answer": "все вышеперечисленное и даже больше!"
        },
        {
            "text": "Игрового автомата с каким названием нет у нас в ассортименте?",
            "image": "",
            "answers": [
                ["Игровой автомат 'Рулетка'", ""],
                ["Кнопочный аппарат 'Мир лотереи'", ""],
                ["Автомат кнопочный '777'", ""],
                ["Однорукий бандит 'Фантазия'", ""]
            ],
            "correct_answer": "Автомат кнопочный '777'"
        },
        {
            "text": "Какого диаметра фишка для нашего кулинарного казино?",
            "image": "3",
            "answers": [
                ["35 мм", ""],
                ["37 мм", ""],
                ["39 мм", ""],
                ["41 мм", ""]
            ],
            "correct_answer": "39 мм"
        },
        {
            "text": "Рулетка, Покер, Блэкджек – это …?",
            "image": "",
            "answers": [
                ["имена школьных друзей", ""],
                ["набор инструментов", ""],
                ["элементы выездного казино", ""]
            ],
            "correct_answer": "элементы выездного казино"
        },
















        {
            "text": "Сколько лет компания 'PRO-Интерактив' находится на event-рынке?",
            "image": "",
            "answers": [
                ["7 лет", ""],
                ["8 лет", ""],
                ["9 лет", ""],
                ["подождите, о каком рынке речь?", ""]
            ],
            "correct_answer": "8 лет"
        },
        {
            "text": "«Наполеон», «Мадэйро», «Мастерс» - это …?",
            "image": "",
            "answers": [
                ["названия арендных стульев для мероприятий", ""],
                ["имена лучших менеджеров в «ПРО-Интерактив»", ""],
                ["позывные инструкторов по лазертагу в «ПРО-Интерактив»", ""],
                ["ребята, вообще-то это острова на Гавайях", ""]
            ],
            "correct_answer": "названия арендных стульев для мероприятий"
        },
        {
            "text": "Какая самая популярная VR-игра среди новогодних запросов?",
            "image": "",
            "answers": [
                ["VR Блок Сплит", ""],
                ["VR-тир PRO-Killer", ""],
                ["Прыжок с небоскреба VR ", ""],
                ["Я не знаю, что такое VR", ""]
            ],
            "correct_answer": "VR Блок Сплит"
        },
        {
            "text": "Как называется данный шатёр?",
            "image": "4",
            "answers": [
                ["'Пагода'", ""],
                ["'Ягода'", ""],
                ["'Тугода'", ""],
                ["шатер 'Конусный'", ""]
            ],
            "correct_answer": "'Пагода'"
        },
        {
            "text": "Искусственный каток какого размера\n мы можем застелить под ваше мероприятие (в квадратных метрах)?",
            "image": "",
            "answers": [
                ["350", ""],
                ["404", ""],
                ["520", ""],
                ["700", ""]
            ],
            "correct_answer": "700"
        }
    ]
}